[
  {
    "id": "public_test_1",
    "relevant_articles": [
      {
        "law_id": "QUY CHUẨN KỸ THUẬT QUỐC GIA VỀ BÁO HIỆU ĐƯỜNG BỘ",
        "article_id": "31"
      },
      {
        "law_id": "QUY CHUẨN KỸ THUẬT QUỐC GIA VỀ BÁO HIỆU ĐƯỜNG BỘ",
        "article_id": "11"
      },
      {
        "law_id": "QUY CHUẨN KỸ THUẬT QUỐC GIA VỀ BÁO HIỆU ĐƯỜNG BỘ",
        "article_id": "15"
      },
      {
        "law_id": "QUY CHUẨN KỸ THUẬT QUỐC GIA VỀ BÁO HIỆU ĐƯỜNG BỘ",
        "article_id": "14"
      },
      {
        "law_id": "QUY CHUẨN KỸ THUẬT QUỐC GIA VỀ BÁO HIỆU ĐƯỜNG BỘ",
        "article_id": "19"
      }
    ]
  },
  {
    "id": "public_test_2",
    "relevant_articles": [
      {
        "law_id": "QUY CHUẨN KỸ THUẬT QUỐC GIA VỀ BÁO HIỆU ĐƯỜNG BỘ",
        "article_id": "11"
      },
      {
        "law_id": "QUY CHUẨN KỸ THUẬT QUỐC GIA VỀ BÁO HIỆU ĐƯỜNG BỘ",
        "article_id": "15"
      },
      {
        "law_id": "QUY CHUẨN KỸ THUẬT QUỐC GIA VỀ BÁO HIỆU ĐƯỜNG BỘ",
        "article_id": "6"
      },
      {
        "law_id": "QUY CHUẨN KỸ THUẬT QUỐC GIA VỀ BÁO HIỆU ĐƯỜNG BỘ",
        "article_id": "14"
      },
      {
        "law_id": "QUY CHUẨN KỸ THUẬT QUỐC GIA VỀ BÁO HIỆU ĐƯỜNG BỘ",
        "article_id": "31"
      }
    ]
  },
  {
    "id": "public_test_3",
    "relevant_articles": [
      {
        "law_id": "QUY CHUẨN KỸ THUẬT QUỐC GIA VỀ BÁO HIỆU ĐƯỜNG BỘ",
        "article_id": "D.16"
      },
      {
        "law_id": "QUY CHUẨN KỸ THUẬT QUỐC GIA VỀ BÁO HIỆU ĐƯỜNG BỘ",
        "article_id": "F.16"
      },
      {
        "law_id": "LUẬT TRẬT TỰ, AN TOÀN GIAO THÔNG ĐƯỜNG BỘ",
        "article_id": "52"
      },
      {
        "law_id": "QUY CHUẨN KỸ THUẬT QUỐC GIA VỀ BÁO HIỆU ĐƯỜNG BỘ",
        "article_id": "F.8"
      },
      {
        "law_id": "QUY CHUẨN KỸ THUẬT QUỐC GIA VỀ BÁO HIỆU ĐƯỜNG BỘ",
        "article_id": "D.6"
      }
    ]
  },
  {
    "id": "public_test_4",
    "relevant_articles": [
      {
        "law_id": "QUY CHUẨN KỸ THUẬT QUỐC GIA VỀ BÁO HIỆU ĐƯỜNG BỘ",
        "article_id": "B.27"
      },
      {
        "law_id": "QUY CHUẨN KỸ THUẬT QUỐC GIA VỀ BÁO HIỆU ĐƯỜNG BỘ",
        "article_id": "D.6"
      },
      {
        "law_id": "QUY CHUẨN KỸ THUẬT QUỐC GIA VỀ BÁO HIỆU ĐƯỜNG BỘ",
        "article_id": "B.27a"
      },
      {
        "law_id": "QUY CHUẨN KỸ THUẬT QUỐC GIA VỀ BÁO HIỆU ĐƯỜNG BỘ",
        "article_id": "B.27c"
      },
      {
        "law_id": "QUY CHUẨN KỸ THUẬT QUỐC GIA VỀ BÁO HIỆU ĐƯỜNG BỘ",
        "article_id": "B.34"
      }
    ]
  },
  {
    "id": "public_test_5",
    "relevant_articles": [
      {
        "law_id": "QUY CHUẨN KỸ THUẬT QUỐC GIA VỀ BÁO HIỆU ĐƯỜNG BỘ",
        "article_id": "32"
      },
      {
        "law_id": "QUY CHUẨN KỸ THUẬT QUỐC GIA VỀ BÁO HIỆU ĐƯỜNG BỘ",
        "article_id": "D.10"
      },
      {
        "law_id": "QUY CHUẨN KỸ THUẬT QUỐC GIA VỀ BÁO HIỆU ĐƯỜNG BỘ",
        "article_id": "D.12"
      },
      {
        "law_id": "QUY CHUẨN KỸ THUẬT QUỐC GIA VỀ BÁO HIỆU ĐƯỜNG BỘ",
        "article_id": "D.14"
      },
      {
        "law_id": "QUY CHUẨN KỸ THUẬT QUỐC GIA VỀ BÁO HIỆU ĐƯỜNG BỘ",
        "article_id": "D.15"
      }
    ]
  },
  {
    "id": "public_test_6",
    "relevant_articles": [
      {
        "law_id": "QUY CHUẨN KỸ THUẬT QUỐC GIA VỀ BÁO HIỆU ĐƯỜNG BỘ",
        "article_id": "11"
      },
      {
        "law_id": "QUY CHUẨN KỸ THUẬT QUỐC GIA VỀ BÁO HIỆU ĐƯỜNG BỘ",
        "article_id": "F.2"
      },
      {
        "law_id": "QUY CHUẨN KỸ THUẬT QUỐC GIA VỀ BÁO HIỆU ĐƯỜNG BỘ",
        "article_id": "15"
      },
      {
        "law_id": "QUY CHUẨN KỸ THUẬT QUỐC GIA VỀ BÁO HIỆU ĐƯỜNG BỘ",
        "article_id": "18"
      },
      {
        "law_id": "QUY CHUẨN KỸ THUẬT QUỐC GIA VỀ BÁO HIỆU ĐƯỜNG BỘ",
        "article_id": "45"
      }
    ]
  },
  {
    "id": "public_test_7",
    "relevant_articles": [
      {
        "law_id": "QUY CHUẨN KỸ THUẬT QUỐC GIA VỀ BÁO HIỆU ĐƯỜNG BỘ",
        "article_id": "15"
      },
      {
        "law_id": "QUY CHUẨN KỸ THUẬT QUỐC GIA VỀ BÁO HIỆU ĐƯỜNG BỘ",
        "article_id": "22"
      },
      {
        "law_id": "QUY CHUẨN KỸ THUẬT QUỐC GIA VỀ BÁO HIỆU ĐƯỜNG BỘ",
        "article_id": "F.5"
      },
      {
        "law_id": "QUY CHUẨN KỸ THUẬT QUỐC GIA VỀ BÁO HIỆU ĐƯỜNG BỘ",
        "article_id": "21"
      },
      {
        "law_id": "QUY CHUẨN KỸ THUẬT QUỐC GIA VỀ BÁO HIỆU ĐƯỜNG BỘ",
        "article_id": "B.36"
      }
    ]
  },
  {
    "id": "public_test_8",
    "relevant_articles": [
      {
        "law_id": "QUY CHUẨN KỸ THUẬT QUỐC GIA VỀ BÁO HIỆU ĐƯỜNG BỘ",
        "article_id": "11"
      },
      {
        "law_id": "QUY CHUẨN KỸ THUẬT QUỐC GIA VỀ BÁO HIỆU ĐƯỜNG BỘ",
        "article_id": "53"
      },
      {
        "law_id": "QUY CHUẨN KỸ THUẬT QUỐC GIA VỀ BÁO HIỆU ĐƯỜNG BỘ",
        "article_id": "33"
      },
      {
        "law_id": "QUY CHUẨN KỸ THUẬT QUỐC GIA VỀ BÁO HIỆU ĐƯỜNG BỘ",
        "article_id": "31"
      },
      {
        "law_id": "QUY CHUẨN KỸ THUẬT QUỐC GIA VỀ BÁO HIỆU ĐƯỜNG BỘ",
        "article_id": "18"
      }
    ]
  },
  {
    "id": "public_test_9",
    "relevant_articles": [
      {
        "law_id": "QUY CHUẨN KỸ THUẬT QUỐC GIA VỀ BÁO HIỆU ĐƯỜNG BỘ",
        "article_id": "11"
      },
      {
        "law_id": "QUY CHUẨN KỸ THUẬT QUỐC GIA VỀ BÁO HIỆU ĐƯỜNG BỘ",
        "article_id": "6"
      },
      {
        "law_id": "QUY CHUẨN KỸ THUẬT QUỐC GIA VỀ BÁO HIỆU ĐƯỜNG BỘ",
        "article_id": "33"
      },
      {
        "law_id": "QUY CHUẨN KỸ THUẬT QUỐC GIA VỀ BÁO HIỆU ĐƯỜNG BỘ",
        "article_id": "4"
      },
      {
        "law_id": "QUY CHUẨN KỸ THUẬT QUỐC GIA VỀ BÁO HIỆU ĐƯỜNG BỘ",
        "article_id": "A.1"
      }
    ]
  },
  {
    "id": "public_test_10",
    "relevant_articles": [
      {
        "law_id": "QUY CHUẨN KỸ THUẬT QUỐC GIA VỀ BÁO HIỆU ĐƯỜNG BỘ",
        "article_id": "15"
      },
      {
        "law_id": "QUY CHUẨN KỸ THUẬT QUỐC GIA VỀ BÁO HIỆU ĐƯỜNG BỘ",
        "article_id": "4"
      },
      {
        "law_id": "QUY CHUẨN KỸ THUẬT QUỐC GIA VỀ BÁO HIỆU ĐƯỜNG BỘ",
        "article_id": "14"
      },
      {
        "law_id": "QUY CHUẨN KỸ THUẬT QUỐC GIA VỀ BÁO HIỆU ĐƯỜNG BỘ",
        "article_id": "18"
      },
      {
        "law_id": "QUY CHUẨN KỸ THUẬT QUỐC GIA VỀ BÁO HIỆU ĐƯỜNG BỘ",
        "article_id": "11"
      }
    ]
  },
  {
    "id": "public_test_11",
    "relevant_articles": [
      {
        "law_id": "QUY CHUẨN KỸ THUẬT QUỐC GIA VỀ BÁO HIỆU ĐƯỜNG BỘ",
        "article_id": "B.25"
      },
      {
        "law_id": "QUY CHUẨN KỸ THUẬT QUỐC GIA VỀ BÁO HIỆU ĐƯỜNG BỘ",
        "article_id": "B.32"
      },
      {
        "law_id": "QUY CHUẨN KỸ THUẬT QUỐC GIA VỀ BÁO HIỆU ĐƯỜNG BỘ",
        "article_id": "B.26"
      },
      {
        "law_id": "QUY CHUẨN KỸ THUẬT QUỐC GIA VỀ BÁO HIỆU ĐƯỜNG BỘ",
        "article_id": "B.3"
      },
      {
        "law_id": "QUY CHUẨN KỸ THUẬT QUỐC GIA VỀ BÁO HIỆU ĐƯỜNG BỘ",
        "article_id": "D.1"
      }
    ]
  },
  {
    "id": "public_test_12",
    "relevant_articles": [
      {
        "law_id": "LUẬT TRẬT TỰ, AN TOÀN GIAO THÔNG ĐƯỜNG BỘ",
        "article_id": "13"
      },
      {
        "law_id": "QUY CHUẨN KỸ THUẬT QUỐC GIA VỀ BÁO HIỆU ĐƯỜNG BỘ",
        "article_id": "D.16"
      },
      {
        "law_id": "QUY CHUẨN KỸ THUẬT QUỐC GIA VỀ BÁO HIỆU ĐƯỜNG BỘ",
        "article_id": "D.14"
      },
      {
        "law_id": "QUY CHUẨN KỸ THUẬT QUỐC GIA VỀ BÁO HIỆU ĐƯỜNG BỘ",
        "article_id": "F.16"
      },
      {
        "law_id": "QUY CHUẨN KỸ THUẬT QUỐC GIA VỀ BÁO HIỆU ĐƯỜNG BỘ",
        "article_id": "D.13"
      }
    ]
  },
  {
    "id": "public_test_13",
    "relevant_articles": [
      {
        "law_id": "QUY CHUẨN KỸ THUẬT QUỐC GIA VỀ BÁO HIỆU ĐƯỜNG BỘ",
        "article_id": "15"
      },
      {
        "law_id": "QUY CHUẨN KỸ THUẬT QUỐC GIA VỀ BÁO HIỆU ĐƯỜNG BỘ",
        "article_id": "11"
      },
      {
        "law_id": "QUY CHUẨN KỸ THUẬT QUỐC GIA VỀ BÁO HIỆU ĐƯỜNG BỘ",
        "article_id": "F.2"
      },
      {
        "law_id": "QUY CHUẨN KỸ THUẬT QUỐC GIA VỀ BÁO HIỆU ĐƯỜNG BỘ",
        "article_id": "18"
      },
      {
        "law_id": "QUY CHUẨN KỸ THUẬT QUỐC GIA VỀ BÁO HIỆU ĐƯỜNG BỘ",
        "article_id": "16"
      }
    ]
  },
  {
    "id": "public_test_14",
    "relevant_articles": [
      {
        "law_id": "QUY CHUẨN KỸ THUẬT QUỐC GIA VỀ BÁO HIỆU ĐƯỜNG BỘ",
        "article_id": "15"
      },
      {
        "law_id": "QUY CHUẨN KỸ THUẬT QUỐC GIA VỀ BÁO HIỆU ĐƯỜNG BỘ",
        "article_id": "14"
      },
      {
        "law_id": "QUY CHUẨN KỸ THUẬT QUỐC GIA VỀ BÁO HIỆU ĐƯỜNG BỘ",
        "article_id": "11"
      },
      {
        "law_id": "QUY CHUẨN KỸ THUẬT QUỐC GIA VỀ BÁO HIỆU ĐƯỜNG BỘ",
        "article_id": "4"
      },
      {
        "law_id": "QUY CHUẨN KỸ THUẬT QUỐC GIA VỀ BÁO HIỆU ĐƯỜNG BỘ",
        "article_id": "18"
      }
    ]
  },
  {
    "id": "public_test_15",
    "relevant_articles": [
      {
        "law_id": "QUY CHUẨN KỸ THUẬT QUỐC GIA VỀ BÁO HIỆU ĐƯỜNG BỘ",
        "article_id": "B.27c"
      },
      {
        "law_id": "QUY CHUẨN KỸ THUẬT QUỐC GIA VỀ BÁO HIỆU ĐƯỜNG BỘ",
        "article_id": "B.27b"
      },
      {
        "law_id": "QUY CHUẨN KỸ THUẬT QUỐC GIA VỀ BÁO HIỆU ĐƯỜNG BỘ",
        "article_id": "B.27"
      },
      {
        "law_id": "LUẬT TRẬT TỰ, AN TOÀN GIAO THÔNG ĐƯỜNG BỘ",
        "article_id": "13"
      },
      {
        "law_id": "QUY CHUẨN KỸ THUẬT QUỐC GIA VỀ BÁO HIỆU ĐƯỜNG BỘ",
        "article_id": "B.27a"
      }
    ]
  },
  {
    "id": "public_test_16",
    "relevant_articles": [
      {
        "law_id": "QUY CHUẨN KỸ THUẬT QUỐC GIA VỀ BÁO HIỆU ĐƯỜNG BỘ",
        "article_id": "18"
      },
      {
        "law_id": "QUY CHUẨN KỸ THUẬT QUỐC GIA VỀ BÁO HIỆU ĐƯỜNG BỘ",
        "article_id": "C.5"
      },
      {
        "law_id": "QUY CHUẨN KỸ THUẬT QUỐC GIA VỀ BÁO HIỆU ĐƯỜNG BỘ",
        "article_id": "26"
      },
      {
        "law_id": "QUY CHUẨN KỸ THUẬT QUỐC GIA VỀ BÁO HIỆU ĐƯỜNG BỘ",
        "article_id": "11"
      },
      {
        "law_id": "QUY CHUẨN KỸ THUẬT QUỐC GIA VỀ BÁO HIỆU ĐƯỜNG BỘ",
        "article_id": "F.5"
      }
    ]
  },
  {
    "id": "public_test_17",
    "relevant_articles": [
      {
        "law_id": "QUY CHUẨN KỸ THUẬT QUỐC GIA VỀ BÁO HIỆU ĐƯỜNG BỘ",
        "article_id": "15"
      },
      {
        "law_id": "QUY CHUẨN KỸ THUẬT QUỐC GIA VỀ BÁO HIỆU ĐƯỜNG BỘ",
        "article_id": "11"
      },
      {
        "law_id": "QUY CHUẨN KỸ THUẬT QUỐC GIA VỀ BÁO HIỆU ĐƯỜNG BỘ",
        "article_id": "14"
      },
      {
        "law_id": "QUY CHUẨN KỸ THUẬT QUỐC GIA VỀ BÁO HIỆU ĐƯỜNG BỘ",
        "article_id": "21"
      },
      {
        "law_id": "QUY CHUẨN KỸ THUẬT QUỐC GIA VỀ BÁO HIỆU ĐƯỜNG BỘ",
        "article_id": "31"
      }
    ]
  },
  {
    "id": "public_test_18",
    "relevant_articles": [
      {
        "law_id": "QUY CHUẨN KỸ THUẬT QUỐC GIA VỀ BÁO HIỆU ĐƯỜNG BỘ",
        "article_id": "C.21"
      },
      {
        "law_id": "QUY CHUẨN KỸ THUẬT QUỐC GIA VỀ BÁO HIỆU ĐƯỜNG BỘ",
        "article_id": "78"
      },
      {
        "law_id": "QUY CHUẨN KỸ THUẬT QUỐC GIA VỀ BÁO HIỆU ĐƯỜNG BỘ",
        "article_id": "31"
      },
      {
        "law_id": "QUY CHUẨN KỸ THUẬT QUỐC GIA VỀ BÁO HIỆU ĐƯỜNG BỘ",
        "article_id": "E.48"
      },
      {
        "law_id": "QUY CHUẨN KỸ THUẬT QUỐC GIA VỀ BÁO HIỆU ĐƯỜNG BỘ",
        "article_id": "11"
      }
    ]
  },
  {
    "id": "public_test_19",
    "relevant_articles": [
      {
        "law_id": "QUY CHUẨN KỸ THUẬT QUỐC GIA VỀ BÁO HIỆU ĐƯỜNG BỘ",
        "article_id": "B.31"
      },
      {
        "law_id": "QUY CHUẨN KỸ THUẬT QUỐC GIA VỀ BÁO HIỆU ĐƯỜNG BỘ",
        "article_id": "26"
      },
      {
        "law_id": "QUY CHUẨN KỸ THUẬT QUỐC GIA VỀ BÁO HIỆU ĐƯỜNG BỘ",
        "article_id": "15"
      },
      {
        "law_id": "LUẬT TRẬT TỰ, AN TOÀN GIAO THÔNG ĐƯỜNG BỘ",
        "article_id": "88"
      },
      {
        "law_id": "QUY CHUẨN KỸ THUẬT QUỐC GIA VỀ BÁO HIỆU ĐƯỜNG BỘ",
        "article_id": "83"
      }
    ]
  },
  {
    "id": "public_test_20",
    "relevant_articles": [
      {
        "law_id": "QUY CHUẨN KỸ THUẬT QUỐC GIA VỀ BÁO HIỆU ĐƯỜNG BỘ",
        "article_id": "D.13"
      },
      {
        "law_id": "QUY CHUẨN KỸ THUẬT QUỐC GIA VỀ BÁO HIỆU ĐƯỜNG BỘ",
        "article_id": "D.16"
      },
      {
        "law_id": "LUẬT TRẬT TỰ, AN TOÀN GIAO THÔNG ĐƯỜNG BỘ",
        "article_id": "13"
      },
      {
        "law_id": "QUY CHUẨN KỸ THUẬT QUỐC GIA VỀ BÁO HIỆU ĐƯỜNG BỘ",
        "article_id": "F.15"
      },
      {
        "law_id": "QUY CHUẨN KỸ THUẬT QUỐC GIA VỀ BÁO HIỆU ĐƯỜNG BỘ",
        "article_id": "48"
      }
    ]
  },
  {
    "id": "public_test_21",
    "relevant_articles": [
      {
        "law_id": "QUY CHUẨN KỸ THUẬT QUỐC GIA VỀ BÁO HIỆU ĐƯỜNG BỘ",
        "article_id": "21"
      },
      {
        "law_id": "QUY CHUẨN KỸ THUẬT QUỐC GIA VỀ BÁO HIỆU ĐƯỜNG BỘ",
        "article_id": "11"
      },
      {
        "law_id": "QUY CHUẨN KỸ THUẬT QUỐC GIA VỀ BÁO HIỆU ĐƯỜNG BỘ",
        "article_id": "26"
      },
      {
        "law_id": "QUY CHUẨN KỸ THUẬT QUỐC GIA VỀ BÁO HIỆU ĐƯỜNG BỘ",
        "article_id": "73"
      },
      {
        "law_id": "QUY CHUẨN KỸ THUẬT QUỐC GIA VỀ BÁO HIỆU ĐƯỜNG BỘ",
        "article_id": "22"
      }
    ]
  },
  {
    "id": "public_test_22",
    "relevant_articles": [
      {
        "law_id": "QUY CHUẨN KỸ THUẬT QUỐC GIA VỀ BÁO HIỆU ĐƯỜNG BỘ",
        "article_id": "15"
      },
      {
        "law_id": "QUY CHUẨN KỸ THUẬT QUỐC GIA VỀ BÁO HIỆU ĐƯỜNG BỘ",
        "article_id": "11"
      },
      {
        "law_id": "QUY CHUẨN KỸ THUẬT QUỐC GIA VỀ BÁO HIỆU ĐƯỜNG BỘ",
        "article_id": "18"
      },
      {
        "law_id": "QUY CHUẨN KỸ THUẬT QUỐC GIA VỀ BÁO HIỆU ĐƯỜNG BỘ",
        "article_id": "F.2"
      },
      {
        "law_id": "QUY CHUẨN KỸ THUẬT QUỐC GIA VỀ BÁO HIỆU ĐƯỜNG BỘ",
        "article_id": "19"
      }
    ]
  },
  {
    "id": "public_test_23",
    "relevant_articles": [
      {
        "law_id": "QUY CHUẨN KỸ THUẬT QUỐC GIA VỀ BÁO HIỆU ĐƯỜNG BỘ",
        "article_id": "11"
      },
      {
        "law_id": "QUY CHUẨN KỸ THUẬT QUỐC GIA VỀ BÁO HIỆU ĐƯỜNG BỘ",
        "article_id": "15"
      },
      {
        "law_id": "QUY CHUẨN KỸ THUẬT QUỐC GIA VỀ BÁO HIỆU ĐƯỜNG BỘ",
        "article_id": "19"
      },
      {
        "law_id": "QUY CHUẨN KỸ THUẬT QUỐC GIA VỀ BÁO HIỆU ĐƯỜNG BỘ",
        "article_id": "14"
      },
      {
        "law_id": "QUY CHUẨN KỸ THUẬT QUỐC GIA VỀ BÁO HIỆU ĐƯỜNG BỘ",
        "article_id": "18"
      }
    ]
  },
  {
    "id": "public_test_24",
    "relevant_articles": [
      {
        "law_id": "QUY CHUẨN KỸ THUẬT QUỐC GIA VỀ BÁO HIỆU ĐƯỜNG BỘ",
        "article_id": "11"
      },
      {
        "law_id": "QUY CHUẨN KỸ THUẬT QUỐC GIA VỀ BÁO HIỆU ĐƯỜNG BỘ",
        "article_id": "42"
      },
      {
        "law_id": "QUY CHUẨN KỸ THUẬT QUỐC GIA VỀ BÁO HIỆU ĐƯỜNG BỘ",
        "article_id": "14"
      },
      {
        "law_id": "QUY CHUẨN KỸ THUẬT QUỐC GIA VỀ BÁO HIỆU ĐƯỜNG BỘ",
        "article_id": "A.1"
      },
      {
        "law_id": "QUY CHUẨN KỸ THUẬT QUỐC GIA VỀ BÁO HIỆU ĐƯỜNG BỘ",
        "article_id": "6"
      }
    ]
  },
  {
    "id": "public_test_25",
    "relevant_articles": [
      {
        "law_id": "QUY CHUẨN KỸ THUẬT QUỐC GIA VỀ BÁO HIỆU ĐƯỜNG BỘ",
        "article_id": "27"
      },
      {
        "law_id": "QUY CHUẨN KỸ THUẬT QUỐC GIA VỀ BÁO HIỆU ĐƯỜNG BỘ",
        "article_id": "30"
      },
      {
        "law_id": "QUY CHUẨN KỸ THUẬT QUỐC GIA VỀ BÁO HIỆU ĐƯỜNG BỘ",
        "article_id": "11"
      },
      {
        "law_id": "QUY CHUẨN KỸ THUẬT QUỐC GIA VỀ BÁO HIỆU ĐƯỜNG BỘ",
        "article_id": "15"
      },
      {
        "law_id": "QUY CHUẨN KỸ THUẬT QUỐC GIA VỀ BÁO HIỆU ĐƯỜNG BỘ",
        "article_id": "29"
      }
    ]
  },
  {
    "id": "public_test_26",
    "relevant_articles": [
      {
        "law_id": "QUY CHUẨN KỸ THUẬT QUỐC GIA VỀ BÁO HIỆU ĐƯỜNG BỘ",
        "article_id": "B.15"
      },
      {
        "law_id": "QUY CHUẨN KỸ THUẬT QUỐC GIA VỀ BÁO HIỆU ĐƯỜNG BỘ",
        "article_id": "B.6"
      },
      {
        "law_id": "QUY CHUẨN KỸ THUẬT QUỐC GIA VỀ BÁO HIỆU ĐƯỜNG BỘ",
        "article_id": "E.37"
      },
      {
        "law_id": "QUY CHUẨN KỸ THUẬT QUỐC GIA VỀ BÁO HIỆU ĐƯỜNG BỘ",
        "article_id": "B.16"
      },
      {
        "law_id": "QUY CHUẨN KỸ THUẬT QUỐC GIA VỀ BÁO HIỆU ĐƯỜNG BỘ",
        "article_id": "F.6"
      }
    ]
  },
  {
    "id": "public_test_27",
    "relevant_articles": [
      {
        "law_id": "LUẬT TRẬT TỰ, AN TOÀN GIAO THÔNG ĐƯỜNG BỘ",
        "article_id": "31"
      },
      {
        "law_id": "QUY CHUẨN KỸ THUẬT QUỐC GIA VỀ BÁO HIỆU ĐƯỜNG BỘ",
        "article_id": "C.26"
      },
      {
        "law_id": "LUẬT TRẬT TỰ, AN TOÀN GIAO THÔNG ĐƯỜNG BỘ",
        "article_id": "69"
      },
      {
        "law_id": "QUY CHUẨN KỸ THUẬT QUỐC GIA VỀ BÁO HIỆU ĐƯỜNG BỘ",
        "article_id": "D.12"
      },
      {
        "law_id": "LUẬT TRẬT TỰ, AN TOÀN GIAO THÔNG ĐƯỜNG BỘ",
        "article_id": "13"
      }
    ]
  },
  {
    "id": "public_test_28",
    "relevant_articles": [
      {
        "law_id": "QUY CHUẨN KỸ THUẬT QUỐC GIA VỀ BÁO HIỆU ĐƯỜNG BỘ",
        "article_id": "11"
      },
      {
        "law_id": "QUY CHUẨN KỸ THUẬT QUỐC GIA VỀ BÁO HIỆU ĐƯỜNG BỘ",
        "article_id": "G.2"
      },
      {
        "law_id": "QUY CHUẨN KỸ THUẬT QUỐC GIA VỀ BÁO HIỆU ĐƯỜNG BỘ",
        "article_id": "C.3"
      },
      {
        "law_id": "QUY CHUẨN KỸ THUẬT QUỐC GIA VỀ BÁO HIỆU ĐƯỜNG BỘ",
        "article_id": "29"
      },
      {
        "law_id": "QUY CHUẨN KỸ THUẬT QUỐC GIA VỀ BÁO HIỆU ĐƯỜNG BỘ",
        "article_id": "G.3"
      }
    ]
  },
  {
    "id": "public_test_29",
    "relevant_articles": [
      {
        "law_id": "QUY CHUẨN KỸ THUẬT QUỐC GIA VỀ BÁO HIỆU ĐƯỜNG BỘ",
        "article_id": "B.15"
      },
      {
        "law_id": "QUY CHUẨN KỸ THUẬT QUỐC GIA VỀ BÁO HIỆU ĐƯỜNG BỘ",
        "article_id": "E.37"
      },
      {
        "law_id": "QUY CHUẨN KỸ THUẬT QUỐC GIA VỀ BÁO HIỆU ĐƯỜNG BỘ",
        "article_id": "B.16"
      },
      {
        "law_id": "QUY CHUẨN KỸ THUẬT QUỐC GIA VỀ BÁO HIỆU ĐƯỜNG BỘ",
        "article_id": "D.19"
      },
      {
        "law_id": "QUY CHUẨN KỸ THUẬT QUỐC GIA VỀ BÁO HIỆU ĐƯỜNG BỘ",
        "article_id": "F.6"
      }
    ]
  },
  {
    "id": "public_test_30",
    "relevant_articles": [
      {
        "law_id": "QUY CHUẨN KỸ THUẬT QUỐC GIA VỀ BÁO HIỆU ĐƯỜNG BỘ",
        "article_id": "4"
      },
      {
        "law_id": "QUY CHUẨN KỸ THUẬT QUỐC GIA VỀ BÁO HIỆU ĐƯỜNG BỘ",
        "article_id": "14"
      },
      {
        "law_id": "QUY CHUẨN KỸ THUẬT QUỐC GIA VỀ BÁO HIỆU ĐƯỜNG BỘ",
        "article_id": "15"
      },
      {
        "law_id": "LUẬT TRẬT TỰ, AN TOÀN GIAO THÔNG ĐƯỜNG BỘ",
        "article_id": "11"
      },
      {
        "law_id": "QUY CHUẨN KỸ THUẬT QUỐC GIA VỀ BÁO HIỆU ĐƯỜNG BỘ",
        "article_id": "11"
      }
    ]
  },
  {
    "id": "public_test_31",
    "relevant_articles": [
      {
        "law_id": "QUY CHUẨN KỸ THUẬT QUỐC GIA VỀ BÁO HIỆU ĐƯỜNG BỘ",
        "article_id": "11"
      },
      {
        "law_id": "LUẬT TRẬT TỰ, AN TOÀN GIAO THÔNG ĐƯỜNG BỘ",
        "article_id": "14"
      },
      {
        "law_id": "QUY CHUẨN KỸ THUẬT QUỐC GIA VỀ BÁO HIỆU ĐƯỜNG BỘ",
        "article_id": "E.48"
      },
      {
        "law_id": "QUY CHUẨN KỸ THUẬT QUỐC GIA VỀ BÁO HIỆU ĐƯỜNG BỘ",
        "article_id": "6"
      },
      {
        "law_id": "QUY CHUẨN KỸ THUẬT QUỐC GIA VỀ BÁO HIỆU ĐƯỜNG BỘ",
        "article_id": "16"
      }
    ]
  },
  {
    "id": "public_test_32",
    "relevant_articles": [
      {
        "law_id": "QUY CHUẨN KỸ THUẬT QUỐC GIA VỀ BÁO HIỆU ĐƯỜNG BỘ",
        "article_id": "27"
      },
      {
        "law_id": "QUY CHUẨN KỸ THUẬT QUỐC GIA VỀ BÁO HIỆU ĐƯỜNG BỘ",
        "article_id": "C.27"
      },
      {
        "law_id": "QUY CHUẨN KỸ THUẬT QUỐC GIA VỀ BÁO HIỆU ĐƯỜNG BỘ",
        "article_id": "C.22"
      },
      {
        "law_id": "LUẬT TRẬT TỰ, AN TOÀN GIAO THÔNG ĐƯỜNG BỘ",
        "article_id": "79"
      },
      {
        "law_id": "LUẬT TRẬT TỰ, AN TOÀN GIAO THÔNG ĐƯỜNG BỘ",
        "article_id": "20"
      }
    ]
  },
  {
    "id": "public_test_33",
    "relevant_articles": [
      {
        "law_id": "LUẬT TRẬT TỰ, AN TOÀN GIAO THÔNG ĐƯỜNG BỘ",
        "article_id": "11"
      },
      {
        "law_id": "QUY CHUẨN KỸ THUẬT QUỐC GIA VỀ BÁO HIỆU ĐƯỜNG BỘ",
        "article_id": "D.1"
      },
      {
        "law_id": "QUY CHUẨN KỸ THUẬT QUỐC GIA VỀ BÁO HIỆU ĐƯỜNG BỘ",
        "article_id": "4"
      },
      {
        "law_id": "QUY CHUẨN KỸ THUẬT QUỐC GIA VỀ BÁO HIỆU ĐƯỜNG BỘ",
        "article_id": "E.1"
      },
      {
        "law_id": "LUẬT TRẬT TỰ, AN TOÀN GIAO THÔNG ĐƯỜNG BỘ",
        "article_id": "2"
      }
    ]
  },
  {
    "id": "public_test_34",
    "relevant_articles": [
      {
        "law_id": "QUY CHUẨN KỸ THUẬT QUỐC GIA VỀ BÁO HIỆU ĐƯỜNG BỘ",
        "article_id": "B.7a"
      },
      {
        "law_id": "QUY CHUẨN KỸ THUẬT QUỐC GIA VỀ BÁO HIỆU ĐƯỜNG BỘ",
        "article_id": "F.16"
      },
      {
        "law_id": "QUY CHUẨN KỸ THUẬT QUỐC GIA VỀ BÁO HIỆU ĐƯỜNG BỘ",
        "article_id": "F.8"
      },
      {
        "law_id": "LUẬT TRẬT TỰ, AN TOÀN GIAO THÔNG ĐƯỜNG BỘ",
        "article_id": "20"
      },
      {
        "law_id": "QUY CHUẨN KỸ THUẬT QUỐC GIA VỀ BÁO HIỆU ĐƯỜNG BỘ",
        "article_id": "D.16"
      }
    ]
  },
  {
    "id": "public_test_35",
    "relevant_articles": [
      {
        "law_id": "QUY CHUẨN KỸ THUẬT QUỐC GIA VỀ BÁO HIỆU ĐƯỜNG BỘ",
        "article_id": "D.1a"
      },
      {
        "law_id": "QUY CHUẨN KỸ THUẬT QUỐC GIA VỀ BÁO HIỆU ĐƯỜNG BỘ",
        "article_id": "B.37"
      },
      {
        "law_id": "QUY CHUẨN KỸ THUẬT QUỐC GIA VỀ BÁO HIỆU ĐƯỜNG BỘ",
        "article_id": "B.23"
      },
      {
        "law_id": "QUY CHUẨN KỸ THUẬT QUỐC GIA VỀ BÁO HIỆU ĐƯỜNG BỘ",
        "article_id": "B.39"
      },
      {
        "law_id": "QUY CHUẨN KỸ THUẬT QUỐC GIA VỀ BÁO HIỆU ĐƯỜNG BỘ",
        "article_id": "B.3"
      }
    ]
  },
  {
    "id": "public_test_36",
    "relevant_articles": [
      {
        "law_id": "QUY CHUẨN KỸ THUẬT QUỐC GIA VỀ BÁO HIỆU ĐƯỜNG BỘ",
        "article_id": "26"
      },
      {
        "law_id": "QUY CHUẨN KỸ THUẬT QUỐC GIA VỀ BÁO HIỆU ĐƯỜNG BỘ",
        "article_id": "15"
      },
      {
        "law_id": "QUY CHUẨN KỸ THUẬT QUỐC GIA VỀ BÁO HIỆU ĐƯỜNG BỘ",
        "article_id": "B.30"
      },
      {
        "law_id": "QUY CHUẨN KỸ THUẬT QUỐC GIA VỀ BÁO HIỆU ĐƯỜNG BỘ",
        "article_id": "34"
      },
      {
        "law_id": "QUY CHUẨN KỸ THUẬT QUỐC GIA VỀ BÁO HIỆU ĐƯỜNG BỘ",
        "article_id": "B.21"
      }
    ]
  },
  {
    "id": "public_test_37",
    "relevant_articles": [
      {
        "law_id": "QUY CHUẨN KỸ THUẬT QUỐC GIA VỀ BÁO HIỆU ĐƯỜNG BỘ",
        "article_id": "B.31"
      },
      {
        "law_id": "QUY CHUẨN KỸ THUẬT QUỐC GIA VỀ BÁO HIỆU ĐƯỜNG BỘ",
        "article_id": "E.8"
      },
      {
        "law_id": "QUY CHUẨN KỸ THUẬT QUỐC GIA VỀ BÁO HIỆU ĐƯỜNG BỘ",
        "article_id": "E.49"
      },
      {
        "law_id": "QUY CHUẨN KỸ THUẬT QUỐC GIA VỀ BÁO HIỆU ĐƯỜNG BỘ",
        "article_id": "B.30"
      },
      {
        "law_id": "QUY CHUẨN KỸ THUẬT QUỐC GIA VỀ BÁO HIỆU ĐƯỜNG BỘ",
        "article_id": "D.19"
      }
    ]
  },
  {
    "id": "public_test_38",
    "relevant_articles": [
      {
        "law_id": "QUY CHUẨN KỸ THUẬT QUỐC GIA VỀ BÁO HIỆU ĐƯỜNG BỘ",
        "article_id": "4"
      },
      {
        "law_id": "QUY CHUẨN KỸ THUẬT QUỐC GIA VỀ BÁO HIỆU ĐƯỜNG BỘ",
        "article_id": "15"
      },
      {
        "law_id": "QUY CHUẨN KỸ THUẬT QUỐC GIA VỀ BÁO HIỆU ĐƯỜNG BỘ",
        "article_id": "14"
      },
      {
        "law_id": "QUY CHUẨN KỸ THUẬT QUỐC GIA VỀ BÁO HIỆU ĐƯỜNG BỘ",
        "article_id": "11"
      },
      {
        "law_id": "QUY CHUẨN KỸ THUẬT QUỐC GIA VỀ BÁO HIỆU ĐƯỜNG BỘ",
        "article_id": "18"
      }
    ]
  },
  {
    "id": "public_test_39",
    "relevant_articles": [
      {
        "law_id": "QUY CHUẨN KỸ THUẬT QUỐC GIA VỀ BÁO HIỆU ĐƯỜNG BỘ",
        "article_id": "15"
      },
      {
        "law_id": "QUY CHUẨN KỸ THUẬT QUỐC GIA VỀ BÁO HIỆU ĐƯỜNG BỘ",
        "article_id": "4"
      },
      {
        "law_id": "QUY CHUẨN KỸ THUẬT QUỐC GIA VỀ BÁO HIỆU ĐƯỜNG BỘ",
        "article_id": "11"
      },
      {
        "law_id": "QUY CHUẨN KỸ THUẬT QUỐC GIA VỀ BÁO HIỆU ĐƯỜNG BỘ",
        "article_id": "14"
      },
      {
        "law_id": "QUY CHUẨN KỸ THUẬT QUỐC GIA VỀ BÁO HIỆU ĐƯỜNG BỘ",
        "article_id": "18"
      }
    ]
  },
  {
    "id": "public_test_40",
    "relevant_articles": [
      {
        "law_id": "QUY CHUẨN KỸ THUẬT QUỐC GIA VỀ BÁO HIỆU ĐƯỜNG BỘ",
        "article_id": "14"
      },
      {
        "law_id": "QUY CHUẨN KỸ THUẬT QUỐC GIA VỀ BÁO HIỆU ĐƯỜNG BỘ",
        "article_id": "13"
      },
      {
        "law_id": "QUY CHUẨN KỸ THUẬT QUỐC GIA VỀ BÁO HIỆU ĐƯỜNG BỘ",
        "article_id": "42"
      },
      {
        "law_id": "LUẬT TRẬT TỰ, AN TOÀN GIAO THÔNG ĐƯỜNG BỘ",
        "article_id": "36"
      },
      {
        "law_id": "QUY CHUẨN KỸ THUẬT QUỐC GIA VỀ BÁO HIỆU ĐƯỜNG BỘ",
        "article_id": "G.4"
      }
    ]
  },
  {
    "id": "public_test_41",
    "relevant_articles": [
      {
        "law_id": "LUẬT TRẬT TỰ, AN TOÀN GIAO THÔNG ĐƯỜNG BỘ",
        "article_id": "18"
      },
      {
        "law_id": "QUY CHUẨN KỸ THUẬT QUỐC GIA VỀ BÁO HIỆU ĐƯỜNG BỘ",
        "article_id": "B.4"
      },
      {
        "law_id": "QUY CHUẨN KỸ THUẬT QUỐC GIA VỀ BÁO HIỆU ĐƯỜNG BỘ",
        "article_id": "C.47"
      },
      {
        "law_id": "QUY CHUẨN KỸ THUẬT QUỐC GIA VỀ BÁO HIỆU ĐƯỜNG BỘ",
        "article_id": "B.3"
      },
      {
        "law_id": "QUY CHUẨN KỸ THUẬT QUỐC GIA VỀ BÁO HIỆU ĐƯỜNG BỘ",
        "article_id": "B.5"
      }
    ]
  },
  {
    "id": "public_test_42",
    "relevant_articles": [
      {
        "law_id": "QUY CHUẨN KỸ THUẬT QUỐC GIA VỀ BÁO HIỆU ĐƯỜNG BỘ",
        "article_id": "B.30"
      },
      {
        "law_id": "LUẬT TRẬT TỰ, AN TOÀN GIAO THÔNG ĐƯỜNG BỘ",
        "article_id": "18"
      },
      {
        "law_id": "QUY CHUẨN KỸ THUẬT QUỐC GIA VỀ BÁO HIỆU ĐƯỜNG BỘ",
        "article_id": "B.31"
      },
      {
        "law_id": "LUẬT TRẬT TỰ, AN TOÀN GIAO THÔNG ĐƯỜNG BỘ",
        "article_id": "25"
      },
      {
        "law_id": "QUY CHUẨN KỸ THUẬT QUỐC GIA VỀ BÁO HIỆU ĐƯỜNG BỘ",
        "article_id": "B.32"
      }
    ]
  },
  {
    "id": "public_test_43",
    "relevant_articles": [
      {
        "law_id": "QUY CHUẨN KỸ THUẬT QUỐC GIA VỀ BÁO HIỆU ĐƯỜNG BỘ",
        "article_id": "B.7"
      },
      {
        "law_id": "QUY CHUẨN KỸ THUẬT QUỐC GIA VỀ BÁO HIỆU ĐƯỜNG BỘ",
        "article_id": "B.6"
      },
      {
        "law_id": "QUY CHUẨN KỸ THUẬT QUỐC GIA VỀ BÁO HIỆU ĐƯỜNG BỘ",
        "article_id": "B.26"
      },
      {
        "law_id": "QUY CHUẨN KỸ THUẬT QUỐC GIA VỀ BÁO HIỆU ĐƯỜNG BỘ",
        "article_id": "22"
      },
      {
        "law_id": "QUY CHUẨN KỸ THUẬT QUỐC GIA VỀ BÁO HIỆU ĐƯỜNG BỘ",
        "article_id": "F.10"
      }
    ]
  },
  {
    "id": "public_test_44",
    "relevant_articles": [
      {
        "law_id": "QUY CHUẨN KỸ THUẬT QUỐC GIA VỀ BÁO HIỆU ĐƯỜNG BỘ",
        "article_id": "15"
      },
      {
        "law_id": "QUY CHUẨN KỸ THUẬT QUỐC GIA VỀ BÁO HIỆU ĐƯỜNG BỘ",
        "article_id": "11"
      },
      {
        "law_id": "QUY CHUẨN KỸ THUẬT QUỐC GIA VỀ BÁO HIỆU ĐƯỜNG BỘ",
        "article_id": "F.2"
      },
      {
        "law_id": "QUY CHUẨN KỸ THUẬT QUỐC GIA VỀ BÁO HIỆU ĐƯỜNG BỘ",
        "article_id": "18"
      },
      {
        "law_id": "QUY CHUẨN KỸ THUẬT QUỐC GIA VỀ BÁO HIỆU ĐƯỜNG BỘ",
        "article_id": "16"
      }
    ]
  },
  {
    "id": "public_test_45",
    "relevant_articles": [
      {
        "law_id": "QUY CHUẨN KỸ THUẬT QUỐC GIA VỀ BÁO HIỆU ĐƯỜNG BỘ",
        "article_id": "4"
      },
      {
        "law_id": "QUY CHUẨN KỸ THUẬT QUỐC GIA VỀ BÁO HIỆU ĐƯỜNG BỘ",
        "article_id": "15"
      },
      {
        "law_id": "QUY CHUẨN KỸ THUẬT QUỐC GIA VỀ BÁO HIỆU ĐƯỜNG BỘ",
        "article_id": "14"
      },
      {
        "law_id": "QUY CHUẨN KỸ THUẬT QUỐC GIA VỀ BÁO HIỆU ĐƯỜNG BỘ",
        "article_id": "11"
      },
      {
        "law_id": "QUY CHUẨN KỸ THUẬT QUỐC GIA VỀ BÁO HIỆU ĐƯỜNG BỘ",
        "article_id": "18"
      }
    ]
  },
  {
    "id": "public_test_46",
    "relevant_articles": [
      {
        "law_id": "QUY CHUẨN KỸ THUẬT QUỐC GIA VỀ BÁO HIỆU ĐƯỜNG BỘ",
        "article_id": "B.27"
      },
      {
        "law_id": "LUẬT TRẬT TỰ, AN TOÀN GIAO THÔNG ĐƯỜNG BỘ",
        "article_id": "2"
      },
      {
        "law_id": "QUY CHUẨN KỸ THUẬT QUỐC GIA VỀ BÁO HIỆU ĐƯỜNG BỘ",
        "article_id": "D.6"
      },
      {
        "law_id": "LUẬT TRẬT TỰ, AN TOÀN GIAO THÔNG ĐƯỜNG BỘ",
        "article_id": "69"
      },
      {
        "law_id": "QUY CHUẨN KỸ THUẬT QUỐC GIA VỀ BÁO HIỆU ĐƯỜNG BỘ",
        "article_id": "3"
      }
    ]
  },
  {
    "id": "public_test_47",
    "relevant_articles": [
      {
        "law_id": "QUY CHUẨN KỸ THUẬT QUỐC GIA VỀ BÁO HIỆU ĐƯỜNG BỘ",
        "article_id": "15"
      },
      {
        "law_id": "QUY CHUẨN KỸ THUẬT QUỐC GIA VỀ BÁO HIỆU ĐƯỜNG BỘ",
        "article_id": "11"
      },
      {
        "law_id": "QUY CHUẨN KỸ THUẬT QUỐC GIA VỀ BÁO HIỆU ĐƯỜNG BỘ",
        "article_id": "18"
      },
      {
        "law_id": "QUY CHUẨN KỸ THUẬT QUỐC GIA VỀ BÁO HIỆU ĐƯỜNG BỘ",
        "article_id": "F.2"
      },
      {
        "law_id": "QUY CHUẨN KỸ THUẬT QUỐC GIA VỀ BÁO HIỆU ĐƯỜNG BỘ",
        "article_id": "19"
      }
    ]
  },
  {
    "id": "public_test_48",
    "relevant_articles": [
      {
        "law_id": "QUY CHUẨN KỸ THUẬT QUỐC GIA VỀ BÁO HIỆU ĐƯỜNG BỘ",
        "article_id": "B.6"
      },
      {
        "law_id": "QUY CHUẨN KỸ THUẬT QUỐC GIA VỀ BÁO HIỆU ĐƯỜNG BỘ",
        "article_id": "B.26"
      },
      {
        "law_id": "QUY CHUẨN KỸ THUẬT QUỐC GIA VỀ BÁO HIỆU ĐƯỜNG BỘ",
        "article_id": "B.7"
      },
      {
        "law_id": "QUY CHUẨN KỸ THUẬT QUỐC GIA VỀ BÁO HIỆU ĐƯỜNG BỘ",
        "article_id": "22"
      },
      {
        "law_id": "QUY CHUẨN KỸ THUẬT QUỐC GIA VỀ BÁO HIỆU ĐƯỜNG BỘ",
        "article_id": "B.9"
      }
    ]
  },
  {
    "id": "public_test_49",
    "relevant_articles": [
      {
        "law_id": "QUY CHUẨN KỸ THUẬT QUỐC GIA VỀ BÁO HIỆU ĐƯỜNG BỘ",
        "article_id": "D.16"
      },
      {
        "law_id": "LUẬT TRẬT TỰ, AN TOÀN GIAO THÔNG ĐƯỜNG BỘ",
        "article_id": "13"
      },
      {
        "law_id": "QUY CHUẨN KỸ THUẬT QUỐC GIA VỀ BÁO HIỆU ĐƯỜNG BỘ",
        "article_id": "D.14"
      },
      {
        "law_id": "LUẬT TRẬT TỰ, AN TOÀN GIAO THÔNG ĐƯỜNG BỘ",
        "article_id": "25"
      },
      {
        "law_id": "LUẬT TRẬT TỰ, AN TOÀN GIAO THÔNG ĐƯỜNG BỘ",
        "article_id": "18"
      }
    ]
  },
  {
    "id": "public_test_50",
    "relevant_articles": [
      {
        "law_id": "QUY CHUẨN KỸ THUẬT QUỐC GIA VỀ BÁO HIỆU ĐƯỜNG BỘ",
        "article_id": "14"
      },
      {
        "law_id": "QUY CHUẨN KỸ THUẬT QUỐC GIA VỀ BÁO HIỆU ĐƯỜNG BỘ",
        "article_id": "4"
      },
      {
        "law_id": "QUY CHUẨN KỸ THUẬT QUỐC GIA VỀ BÁO HIỆU ĐƯỜNG BỘ",
        "article_id": "11"
      },
      {
        "law_id": "QUY CHUẨN KỸ THUẬT QUỐC GIA VỀ BÁO HIỆU ĐƯỜNG BỘ",
        "article_id": "15"
      },
      {
        "law_id": "QUY CHUẨN KỸ THUẬT QUỐC GIA VỀ BÁO HIỆU ĐƯỜNG BỘ",
        "article_id": "18"
      }
    ]
  }
]