[
  {
    "id": "public_test_51",
    "answer": "D",
    "scores": {
      "A": 0.17915693337877084,
      "B": 0.17745437205203235,
      "C": 0.17860230457817178,
      "D": 0.18033844649188285
    }
  },
  {
    "id": "public_test_52",
    "answer": "C",
    "scores": {
      "A": 0.23082881010534942,
      "B": 0.23107640916156474,
      "C": 0.2652322984278963,
      "D": 0.15875247092528771
    }
  },
  {
    "id": "public_test_53",
    "answer": "A",
    "scores": {}
  },
  {
    "id": "public_test_54",
    "answer": "A",
    "scores": {}
  },
  {
    "id": "public_test_55",
    "answer": "A",
    "scores": {}
  },
  {
    "id": "public_test_56",
    "answer": "B",
    "scores": {
      "A": 0.13529759151324056,
      "B": 0.13827580313777474,
      "C": 0.13552968622652287,
      "D": 0.13705678221237044
    }
  },
  {
    "id": "public_test_57",
    "answer": "C",
    "scores": {
      "A": 0.10570252237394237,
      "B": 0.10000973515904207,
      "C": 0.11136831677013703,
      "D": 0.10348600098493357
    }
  },
  {
    "id": "public_test_58",
    "answer": "D",
    "scores": {
      "A": 0.18151069056979524,
      "B": 0.1836772946121714,
      "C": 0.17519732293014728,
      "D": 0.21901679373150068
    }
  },
  {
    "id": "public_test_59",
    "answer": "C",
    "scores": {
      "A": 0.10365467941913802,
      "B": 0.111766902705041,
      "C": 0.1281600432444902,
      "D": 0.12168381412220008
    }
  },
  {
    "id": "public_test_60",
    "answer": "B",
    "scores": {
      "A": 0.24194511039506814,
      "B": 0.25217402590939103,
      "C": 0.24811020047467722,
      "D": 0.22013869499201855
    }
  },
  {
    "id": "public_test_61",
    "answer": "A",
    "scores": {}
  },
  {
    "id": "public_test_62",
    "answer": "C",
    "scores": {
      "A": 0.18820809074595685,
      "B": 0.15261637244251725,
      "C": 0.2094664636114167,
      "D": 0.16642243475046628
    }
  },
  {
    "id": "public_test_63",
    "answer": "B",
    "scores": {
      "A": 0.1213910373187093,
      "B": 0.1478228209849699,
      "C": 0.12231182776877832,
      "D": 0.11442055505319934
    }
  },
  {
    "id": "public_test_64",
    "answer": "A",
    "scores": {
      "A": 0.13022769104682438,
      "B": 0.12716991766474223,
      "C": 0.12792820203678007,
      "D": 0.12962077081335882
    }
  },
  {
    "id": "public_test_65",
    "answer": "A",
    "scores": {
      "A": 0.15801290836266585,
      "B": 0.15171732541251504,
      "C": 0.14943389824550135,
      "D": 0.14458904438109788
    }
  },
  {
    "id": "public_test_66",
    "answer": "A",
    "scores": {}
  },
  {
    "id": "public_test_67",
    "answer": "A",
    "scores": {}
  },
  {
    "id": "public_test_68",
    "answer": "A",
    "scores": {}
  },
  {
    "id": "public_test_69",
    "answer": "B",
    "scores": {
      "A": 0.2629344663959438,
      "B": 0.2749007499103276,
      "C": 0.2679496055623519,
      "D": 0.2738698461055427
    }
  },
  {
    "id": "public_test_70",
    "answer": "A",
    "scores": {}
  },
  {
    "id": "public_test_71",
    "answer": "C",
    "scores": {
      "A": 0.09149101083084563,
      "B": 0.0891876924099813,
      "C": 0.09276321076595982,
      "D": 0.08494885734858841
    }
  },
  {
    "id": "public_test_72",
    "answer": "D",
    "scores": {
      "A": 0.14588221634156734,
      "B": 0.1439457411139744,
      "C": 0.14745351958309605,
      "D": 0.14937539037445852
    }
  },
  {
    "id": "public_test_73",
    "answer": "D",
    "scores": {
      "A": 0.09513512931295602,
      "B": 0.0795513754854987,
      "C": 0.09298983718128567,
      "D": 0.09557200892967135
    }
  },
  {
    "id": "public_test_74",
    "answer": "B",
    "scores": {
      "A": 0.09354066540248629,
      "B": 0.10084186567755493,
      "C": 0.07388501659771113,
      "D": 0.06891369316650706
    }
  },
  {
    "id": "public_test_75",
    "answer": "A",
    "scores": {
      "A": 0.10706797996838388,
      "B": 0.10174969787609404,
      "C": 0.10026392975741558,
      "D": 0.08161866010654759
    }
  },
  {
    "id": "public_test_76",
    "answer": "A",
    "scores": {}
  },
  {
    "id": "public_test_77",
    "answer": "D",
    "scores": {
      "A": 0.2261526991256279,
      "B": 0.22163187931026834,
      "C": 0.2284529138519979,
      "D": 0.22931060236967055
    }
  },
  {
    "id": "public_test_78",
    "answer": "A",
    "scores": {
      "A": 0.121555185998011,
      "B": 0.1163618195587465,
      "C": 0.11967927798502236,
      "D": 0.11857457788527433
    }
  },
  {
    "id": "public_test_79",
    "answer": "A",
    "scores": {
      "A": 0.09554893086255958,
      "B": 0.09302330145393997,
      "C": 0.09140369231687709,
      "D": 0.07372507332390274
    }
  },
  {
    "id": "public_test_80",
    "answer": "D",
    "scores": {
      "A": 0.17838515888170398,
      "B": 0.16347556111823017,
      "C": 0.16951049333166784,
      "D": 0.1796620689714794
    }
  },
  {
    "id": "public_test_81",
    "answer": "C",
    "scores": {
      "A": 0.0795310733733005,
      "B": 0.06752530530466841,
      "C": 0.10267176246638057,
      "D": 0.08770465894638699
    }
  },
  {
    "id": "public_test_82",
    "answer": "A",
    "scores": {}
  },
  {
    "id": "public_test_83",
    "answer": "A",
    "scores": {}
  },
  {
    "id": "public_test_84",
    "answer": "A",
    "scores": {}
  },
  {
    "id": "public_test_85",
    "answer": "A",
    "scores": {}
  },
  {
    "id": "public_test_86",
    "answer": "B",
    "scores": {
      "A": 0.1820816906279667,
      "B": 0.23872890253622195,
      "C": 0.19799309527090558,
      "D": 0.20276758052481333
    }
  },
  {
    "id": "public_test_87",
    "answer": "C",
    "scores": {
      "A": 0.19310701326686905,
      "B": 0.19225210400432638,
      "C": 0.2012600999321727,
      "D": 0.19818612656973772
    }
  },
  {
    "id": "public_test_88",
    "answer": "C",
    "scores": {
      "A": 0.07898754732690036,
      "B": 0.08878195015869086,
      "C": 0.11983149774021895,
      "D": 0.10969733295345985
    }
  },
  {
    "id": "public_test_89",
    "answer": "A",
    "scores": {
      "A": 0.18661827146003715,
      "B": 0.18661827146003715,
      "C": 0.17908927575510472,
      "D": 0.17693793348213782
    }
  },
  {
    "id": "public_test_90",
    "answer": "A",
    "scores": {}
  },
  {
    "id": "public_test_91",
    "answer": "D",
    "scores": {
      "A": 0.21299791995936562,
      "B": 0.2254323958591581,
      "C": 0.20968579421414582,
      "D": 0.23237370570773894
    }
  },
  {
    "id": "public_test_92",
    "answer": "A",
    "scores": {
      "A": 0.23169049193971256,
      "B": 0.21276238963009514,
      "C": 0.22278027230195613,
      "D": 0.22414873958384862
    }
  },
  {
    "id": "public_test_93",
    "answer": "B",
    "scores": {
      "A": 0.1599338780192403,
      "B": 0.1936536224691037,
      "C": 0.17698412171055525,
      "D": 0.17194091447422166
    }
  },
  {
    "id": "public_test_94",
    "answer": "A",
    "scores": {}
  },
  {
    "id": "public_test_95",
    "answer": "C",
    "scores": {
      "A": 0.1893591617280441,
      "B": 0.18515130580246458,
      "C": 0.19358712080819612,
      "D": 0.17487175703149763
    }
  },
  {
    "id": "public_test_96",
    "answer": "A",
    "scores": {}
  },
  {
    "id": "public_test_97",
    "answer": "A",
    "scores": {}
  },
  {
    "id": "public_test_98",
    "answer": "C",
    "scores": {
      "A": 0.20419661794065264,
      "B": 0.2021224202789602,
      "C": 0.2043622042096096,
      "D": 0.19777898468303695
    }
  },
  {
    "id": "public_test_99",
    "answer": "A",
    "scores": {}
  },
  {
    "id": "public_test_100",
    "answer": "A",
    "scores": {
      "A": 0.2413158510600168,
      "B": 0.23269611004054297,
      "C": 0.21245644206763464,
      "D": 0.21020775650617537
    }
  }
]